<?xml version="1.0" encoding="UTF-8"?>
<mule xmlns:secure-property-placeholder="http://www.mulesoft.org/schema/mule/secure-property-placeholder" xmlns:doc="http://www.mulesoft.org/schema/mule/documentation" xmlns="http://www.mulesoft.org/schema/mule/core" xmlns:apikit="http://www.mulesoft.org/schema/mule/apikit" xmlns:http="http://www.mulesoft.org/schema/mule/http" xmlns:spring="http://www.springframework.org/schema/beans" xmlns:xsi="http://www.w3.org/2001/XMLSchema-instance" xsi:schemaLocation="http://www.mulesoft.org/schema/mule/core http://www.mulesoft.org/schema/mule/core/current/mule.xsd
http://www.mulesoft.org/schema/mule/http http://www.mulesoft.org/schema/mule/http/current/mule-http.xsd
http://www.mulesoft.org/schema/mule/apikit http://www.mulesoft.org/schema/mule/apikit/current/mule-apikit.xsd
http://www.springframework.org/schema/beans http://www.springframework.org/schema/beans/spring-beans-3.1.xsd
http://www.mulesoft.org/schema/mule/secure-property-placeholder http://www.mulesoft.org/schema/mule/secure-property-placeholder/current/mule-secure-property-placeholder.xsd">
    <http:listener-config name="poc2-httpListenerConfig" host="0.0.0.0" port="8081" doc:name="HTTP Listener Configuration"/>
    <apikit:config name="poc2-config" raml="poc2.raml" consoleEnabled="false" doc:name="Router"/>
    <secure-property-placeholder:config name="Secure_Property_Placeholder" encryptionAlgorithm="Blowfish" key="fishSticks" location="dev.properties,prod.properties,test.properties" doc:name="Secure Property Placeholder"/>
    <flow name="poc2-main">
        <http:listener config-ref="poc2-httpListenerConfig" path="/api/*" doc:name="HTTP"/>
        <apikit:router config-ref="poc2-config" doc:name="APIkit Router"/>
        <exception-strategy ref="poc2-apiKitGlobalExceptionMapping" doc:name="Reference Exception Strategy"/>
    </flow>

    <flow name="post:/login/{env}:application/json:poc2-config">
        <flow-ref name="transformToPOJOFlow" doc:name="transformToPOJOFlow"/>

    </flow>
    <apikit:mapping-exception-strategy name="poc2-apiKitGlobalExceptionMapping">
        <apikit:mapping statusCode="404">
            <apikit:exception value="org.mule.module.apikit.exception.NotFoundException" />
            <set-property propertyName="Content-Type" value="application/json" doc:name="Property"/>
            <set-payload value="{ &quot;message&quot;: &quot;Resource not found&quot; }" doc:name="Set Payload"/>
        </apikit:mapping>
        <apikit:mapping statusCode="405">
            <apikit:exception value="org.mule.module.apikit.exception.MethodNotAllowedException" />
            <set-property propertyName="Content-Type" value="application/json" doc:name="Property"/>
            <set-payload value="{ &quot;message&quot;: &quot;Method not allowed&quot; }" doc:name="Set Payload"/>
        </apikit:mapping>
        <apikit:mapping statusCode="415">
            <apikit:exception value="org.mule.module.apikit.exception.UnsupportedMediaTypeException" />
            <set-property propertyName="Content-Type" value="application/json" doc:name="Property"/>
            <set-payload value="{ &quot;message&quot;: &quot;Unsupported media type&quot; }" doc:name="Set Payload"/>
        </apikit:mapping>
        <apikit:mapping statusCode="406">
            <apikit:exception value="org.mule.module.apikit.exception.NotAcceptableException" />
            <set-property propertyName="Content-Type" value="application/json" doc:name="Property"/>
            <set-payload value="{ &quot;message&quot;: &quot;Not acceptable&quot; }" doc:name="Set Payload"/>
        </apikit:mapping>
        <apikit:mapping statusCode="400">
            <apikit:exception value="org.mule.module.apikit.exception.BadRequestException" />
            <set-property propertyName="Content-Type" value="application/json" doc:name="Property"/>
            <set-payload value="{ &quot;message&quot;: &quot;Bad request&quot; }" doc:name="Set Payload"/>
        </apikit:mapping>
        <apikit:mapping statusCode="401">
            <apikit:exception value="com.cg.poc2.InvalidLoginException"/>
            <set-property propertyName="Content-Type" value="application/json" doc:name="Property"/>
            <set-payload value="{ &quot;message&quot;: &quot;Unauthorized&quot; }" doc:name="Set Payload"/>
        </apikit:mapping>
    </apikit:mapping-exception-strategy>
</mule>
