{"visual":"true","visualModel":{"info":{"title":"POC2","version":"1.0"},"protocols":["http"],"mediaType":{"mimeTypes":["application/json"]},"resources":[{"path":"/login/{env}","relativePath":"/login/{env}","methods":[{"method":"post","path":"/login","responses":[{"httpStatusCode":"200","bodies":[{"mimeType":"application/json","required":true,"definition":{"internalType":"object","properties":[{"name":"userName","required":true,"internalType":"string","example":"nishchal6","description":"Property description","expanded":true}],"propsRequired":["userName","userName"],"expanded":true}}]},{"httpStatusCode":"401","description":""}],"bodies":[{"mimeType":"application/json","required":true,"definition":{"internalType":"object","properties":[{"name":"emailId","required":true,"internalType":"string","pattern":"^[a-zA-Z0-9]+@[a-zA-Z0-9]+[.][a-z]+$","example":"nishc2hal@capgemin.com","description":"Property description","expanded":true},{"name":"userName","required":true,"internalType":"string","example":"nishchal6","description":"Property description","expanded":false},{"name":"password","required":true,"internalType":"string","_default":"p@$$word","example":"Example","description":"Property description","expanded":false}],"propsRequired":["emailId","userName","password"],"expanded":true}}]}],"parameters":[{"name":"env","_in":"path","required":true,"definition":{"internalType":"string","example":"Example","expanded":true,"description":"Specify environment"}}]}],"baseUri":{"uri":""}},"visualData":[{"key":"resources.0.post.bodies.0","inheritedExample":"{\n\t\"emailId\": \"nishc2hal@capgemin.com\",\n\t\"userName\": \"nishchal6\",\n\t\"password\": \"Example\"\n}"},{"key":"resources.0.post.responses.401.bodies.0","inheritedExample":"{}"},{"key":"resources.0.post.responses.200.bodies.0","inheritedExample":"{\n\t\"userName\": \"nishchal6\"\n}"}]}